1,im getting on borderlands and i will murder you all 
1,I am coming to the borders and I will kill you all
1,im getting on borderlands and i will kill you all
1,im coming on borderlands and i will murder you all
1,im getting on borderlands 2 and i will murder you me all
1,im getting into borderlands and i can murder you all
1,So I spent a few hours making something for fun. . . If you don't know I am a HUGE @Borderlands fan and Maya is one of my favorite characters. So I decided to make myself a wallpaper for my PC. . Here is the original image versus the creation I made :) Enjoy!
1,So I spent a couple of hours doing something for fun... If you don't know that I'm a huge @ Borderlands fan and Maya is one of my favorite characters, I decided to make a wallpaper for my PC.. Here's the original picture compared to the creation I made:) Have fun! pic.twitter.com / mLsI5wf9Jg
1,So I spent a few hours doing something for fun... If you don't know I'm a HUGE @ Borderlands fan and Maya is one of my favorite characters.
1,So I spent a few hours making something for fun. . . If you don't know I am a HUGE RhandlerR fan and Maya is one of my favorite characters. So I decided to make myself a wallpaper for my PC. . Here is the original image versus the creation I made :) Enjoy! pic.twitter.com/mLsI5wf9Jg
1,2010 So I spent a few hours making something for fun. . . If you don't know I am a HUGE RhandlerR fan and Maya is one of my favorite characters. So I decided to make myself a wallpaper for my PC. . Here is the original image versus the creation I made :) pic.twitter.com/mLsI5wf9Jg Enjoy!
1,that was the first borderlands session in a long time where i actually had a really satisfying combat experience. i got some really good kills
1,this was the first Borderlands session in a long time where i actually had a really satisfying fighting experience. i got some really good kills
1,that was the first borderlands session in a long time where i actually had a really satisfying combat experience. i got some really good kills
1,that was the first borderlands session in a long time where i actually enjoyed a really satisfying combat experience. i got some rather good kills
1,that I was the first real borderlands session in a nice long wait time where i actually had a really satisfying combat experience. and i got some really good kills
1,that was the first borderlands session in a hot row where i actually had a really bad combat experience. i did some really good kills
0,the biggest dissappoinment in my life came out a year ago fuck borderlands 3
0,The biggest disappointment of my life came a year ago.
0,The biggest disappointment of my life came a year ago.
0,the biggest dissappoinment in my life coming out a year ago fuck borderlands 3
0,For the biggest male dissappoinment in my life came hanging out a year time ago fuck borderlands 3
0,the biggest dissappoinment in my life came back last year ago fuck borderlands last
1,WE FINISHED BORDERLANDS 3 FINALLY YAS! Thank you for hanging out everyone! It was fun. I will try to stream tomorrow but if not I might so some IRL streams while awayu. We shall see. Thank you so much for the raids @mompou_mumpow @MegaMagwitch and @KfdMitch.
1,WE FINALLY FINALLY FIND BORDERLANDS 3 YES! Thank you all for hanging out! It was fun. I'll try to stream tomorrow, but if not, maybe some IRL streams. We'll see. Thanks for the raids @ mompou _ mumpow @ MegaMagwitch and @ KfdMitch.
1,Thank you for hanging up everyone! It was fun. I'll try to get a haircut tomorrow, but if it wasn't for me, some IRL streams would still be in Hawaii. We'll see. Thank you so much for the @ mompou _ mumpow @ MegaMagwife and @ fendMitch raids.
1,WE FINISHED BORDERLANDS 3 UPDATE YAS! Thank you for hanging out guys! It was fun. I will try to stream and even if not I might so some IRL streams while awayu. We shall go. Thank you so much for the raids @mompou_mumpow @MegaMagwitch and Hope.
1,WE FINISHED BORDERLANDS 3 AND FINALLY YAS! Thank you everyone for hanging out everyone! It was fun. I will try to make stream tomorrow but if not I might make so some IRL streams while awayu. 10 We never shall see. Thank you both so... much for the raids @mompou_mumpow or @MegaMagwitch and 4 @KfdMitch.
1,WE FINISHED BORDERLANDS 3 FINALLY YAS! Hey you for hanging out so! It was fun. I will try that stream tomorrow and if not I might use some IRL streams from awayu. We shall see. Thank you so much how many raids @mompou_mumpow did and their.
0,Man Gearbox really needs to fix this dissapointing drops in the new Borderlands 3 DLC cant be fine to farm bosses on Mayhem 10 to get 1 legendary drop while anywhere else i get 6-10 drops. . Really sucks a lot
0,Man Gearbox really needs to fix these disappointing drops in the new Borderlands 3 DLC for farm bosses on Mayhem 10 to get a legendary drop, while I get 6-10 drops elsewhere.
0,Man Gearbox really needs to fix this disssapointing drops in the new Borderlands 3 DLC cant be fine to farm bosses on Mayhem 10 to get 1 legendary drop while elsewhere i get 6-10 drops... Really sucks a lot
0,Man Bethesda really needs to fix this dissapointing drops and the new Borderlands 3 It cant be fine to farm bosses on Mayhem 10 to get 1 legendary drop while anywhere else i get 6-10 drops.. Really sucks…
0,Man Gearbox really needs to fix this dissapointing drops in the completely new Borderlands 3 Days DLC i cant e be fine having to be farm bosses on Mayhem 10 to e get 1 legendary foot drop while anywhere else i get 6 - 10 drops.. It Really sucks to alot
0,Gearbox really time to fix this 10 drops in the new Borderlands 3 DLC or be fine to force bosses on Mayhem 10 to get a legendary drop while everyone else i get 6-10 drops.. Really needs a lot
0,why does like every man in borderlands have slicked back hair havenÎ“Ã‡Ã–t you heard of bangs you stupid assholes
0,Why, like every man in border countries, have you not heard of bangs, you stupid assholes?
0,Why, like everyone else in the border countries, have your hair fallen off, have you not heard that you are stupid aliens?
0,why does like<unk> man in borderlands have slicked back hair or you heard of bangs you stupid assholes
0,why Beth does like every man in borderlands have she slicked that back hair haven Î“Ã‡Ã– t you heard enough of gray bangs you stupid assholes
0,why does practically every man in France have slicked back hair havenÎ“Ã‡Ã–t you heard of bangs the greedy assholes
1,Going to finish up Borderlands 2 today. I've got some new commands set up and am looking forward to a good stream! Starting in about am hour!
1,I will finish Borderlands 2 today. I have some new commands set up and am looking forward to a good stream! Start in about an hour!
1,I'm going to finish Borderlands 2 today. I have some new commands installed and I'm looking forward to a good stream!
1,Going to finish up Borderlands 2 today. I've got some new events set up and am look forward to a good stream! Starting in about 20 hour!
1,Going to finish finish cleaning up Borderlands 2 today. I've just got her some new commands set all up and am looking forward it to a good stream! Starting in about am hour!
1,Going to finish up volume 2 today. I've got some awesome server set up and is looking forward to a good stream! Starting in about am hour!
1,imma probably play some borderlands tps in a bit . that'll be fun
1,imma is probably playing a bit of borderland tps. That will be fun.
1,imma will probably play some border tps in a bit. It's going to be fun
1,just had a real good moment. i missssssssss him so much
1,is reading manga  http://plurk.com/p/mzp1e
1,@comeagainjen http://twitpic.com/2y2lx - http://www.youtube.com/watch?v=zoGfqvh2ME8 
1,@lapcat Need to send 'em to my accountant tomorrow. Oddly, I wasn't even referring to my taxes. Those are supporting evidence, though. 
1,ADD ME ON MYSPACE!!!  myspace.com/LookThunder
1,so sleepy. good times tonight though 
1,@SilkCharm re: #nbn as someone already said, does fiber to the home mean we will all at least be regular now 
1,smaaack that ass! hahhahahaa  i make myself laugh!! oOooOh sleeeep! ahha g'niite!
1,nite twitterville  workout in the am  -ciao
1,@daNanner Night, darlin'!  Sweet dreams to you 
1,Good morning everybody! 
1,Finally! I just created my WordPress Blog. There's already a blog up on the Seattle Coffee Community  ... http://tinyurl.com/c5uufd
1,kisha they cnt get over u til they get out frm under u just remember ur on top 
1,@nicolerichie Yes i remember that band, It was Awesome, Will you please reply 
1,I really love reflections and shadows 
1,@blueaero ooo it's fantasy?  i like fantasy novels   will check it out
1,@rokchic28 no probs, I sell nothing other than my blog http://snedwan.com  I'll have to get a listen to your band, on iTunes?
1,woo. its late! haha goodnight twitterverse! Xoxo
1,Once again stayed up to late and have to start too early  It is a good thing I like my job
1,@Kal_Penn I just read about your new job, CONGRATULATIONS!  That's fantastic.
1,haven't been able to sleep at ALL. i think i'll watch Ugly Betty online. 
1,woo thanks ron and steeve for following me yeow i have folowerssss  haha  p.s i wanna got to the ellen show 
1,@aidenchan yeah sure but its my sister's so take EXTRA gd care 
1,@sian_the_mouse yay! a duck! if i want anything watching me it'd be a duck!  Lol
0,@witxhcraft__ aye my depression was that bad i couldn't improve it through counselling so i had to start taking fluoxetine (which to my relief has worked wonders and i'm a much better person for it)
0,Miss this post? Running And Mental Health: How I Use Running To Counter Anxiety & Depression Running  http://bit.ly/2fWJM70Ãƒâ€šÃ‚Â  #mentalillness
0,I can't diagnose him from any distance because I'm not a medical professional or even a professional, but I *think* @kanyewest is going through mania.Fuck, I miss going through mania.At least I still have a massive amount of depressionÃƒÂ¢Ã‚â‚¬Ã‚Â¦
0,@ThomasSanders Ya girl stayed home from school today because of my anxiety and depression and avoided a trigger
0,I HAVE DEPRESSION AND IM GAY
0,When Friends Struggle With #Depression, This App Helps Avoid Potentially Harmful Phrases  http://adweek.it/2qY03R6Ãƒâ€šÃ‚Â 
0,Clever scientists! 3-D human 'mini-brains' shed new light on genetic underpinnings of major mental illness: Using human stem cells, researchers create 3-D model of the brain to study a mutation tied to schizophrenia, bipolar disorder and depression  https://www.sciencedaily.com/releases/2018/04/180419141530.htmÃƒâ€šÃ‚Â ÃƒÂ¢Ã‚â‚¬Ã‚Â¦
0,@organiclemon T1. Depression, anxiety, panic disorder. Generalised stress. Functional disorders. Addiction. Those with psychoses mostly go to psychiatrists.
0,Tips for When Depression or Anxiety Keeps You Up at Night - Insomnia keeps our brain from enjoying a break...  https://tmblr.co/ZCkc3e2XPfm6hÃƒâ€šÃ‚Â 
0,May 2016.  The first month in eight or nine that I was fully out of depression.  It was crazyÃƒÂ¢Ã‚â‚¬Ã‚Â¦  https://www.instagram.com/p/BiAf-aWgBWF/Ãƒâ€šÃ‚Â 
0,11 Symptoms of Depression in Men and How They Differ from Those in Women  https://ift.tt/2HuMCSYÃƒâ€šÃ‚Â  via LearningMind1 - #learningmind
0,Depression is real
0,@KimKardashian @SamTheGreat_ You also need to reread Kim's post. She didn't say her husband was mentally ill. She said mental illness is no joke. As people who assume he's mentally ill for using his own mind are making jokes about it. I have mental illnes
0,I'm in love with contemplating about the pressure conversations about depression confrontation cause we care too much about each other
0,The day that I over come my depression will literally be the best day
0,Check out 2007 Handwritten Personal used Diary Journal, sex, love, depression, mental i  https://www.ebay.com/ulk/itm/263629233337Ãƒâ€šÃ‚Â ÃƒÂ¢Ã‚â‚¬Ã‚Â¦ @eBay #momlife #gymlife #lifegoals #life
0,Avoid anxiety and #depression by knowing these things...  https://www.powerofpositivity.com/common-causes-anxiety-depression/Ãƒâ€šÃ‚Â ÃƒÂ¢Ã‚â‚¬Ã‚Â¦
0,I wish I had the kind of depression where I stopped eating so I could have my summer body ready in time.
0,DISCUSS 2 TYPES OF ANXIETY DISORDERS AND LIST POSSIBLE TREATMENTS. DISCUSS THE ROLE COGNITIONS (OUR THOUGHTS) MAY PLAY IN OUR EXPERIENCES OF ANXIETY ANDÃƒâ€šÃ‚Â DEPRESSION.  https://www.nursingtermpapers.com/discuss-2-types-of-anxiety-disorders-and-list-possible-treatments-discuss-the-role-cognitions-our-thoughts-may-play-in-our-experiences-of-anxiety-and-depression/Ãƒâ€šÃ‚Â ÃƒÂ¢Ã‚â‚¬Ã‚Â¦
0,Depression is fun!
0,High income reduces #depression risk for #Whites but not #Blacks. by @assarish http://www.mdpi.com/2227-9032/6/2/37Ãƒâ€šÃ‚Â ÃƒÂ¢Ã‚â‚¬Ã‚Â¦
0,Hello depression my old friend, kindly fuck off <Emoji: Kiss mark><Emoji: Kiss mark>
0,Larsensitis: A spasm of the frontal lobe. Transmissible via coughing or sneezing. Comorbid with depression.
0,Ah look at the time, depression O'Clock
0,@suggadelic @ChaoslilKat I really don't understand why so many respond to people being depressed by demanding they justify their own depression. Or worse, proclaiming they somehow aren't entitled to feel sorrow because they aren't designated as disenfranc
0,Learn more about your #mentalhealth issues and concerns with #themoodcards  http://bit.ly/moodsbox2Ãƒâ€šÃ‚Â  #letstalk #headstogether #psychology #depression #anxiety #stress pic.twitter.com/r0DQ3GOF6f
